entry_id,expected_txn_ref,expected_amount,booked_date,account
LEDG-1000,TXN-1000,2483.36,2026-09-03,main_account
LEDG-1001,TXN-1001,1008.52,2026-09-03,main_account
LEDG-1002,TXN-1002,1008.93,2026-09-03,main_account
LEDG-1003,TXN-1003,1885.73,2026-09-03,main_account
LEDG-1004,TXN-1004,4711.64,2026-09-03,main_account
LEDG-1005,TXN-1005,1623.13,2026-09-03,main_account
LEDG-1006,TXN-1006,390.41,2026-09-03,main_account
LEDG-1007,TXN-1007,267.77,2026-09-03,main_account
LEDG-1008,TXN-1008,2013.76,2026-09-03,main_account
LEDG-1009,TXN-1009,2157.02,2026-09-03,main_account
LEDG-1010,TXN-1010,760.36,2026-09-03,main_account
LEDG-1011,TXN-1011,890.8,2026-09-03,main_account
LEDG-1012,TXN-1012,3740.18,2026-09-03,main_account
LEDG-1013,TXN-1013,3116.77,2026-09-03,main_account
LEDG-1014,TXN-1014,3705.04,2026-09-03,main_account
LEDG-1015,TXN-1015,3908.3,2026-09-03,main_account
LEDG-1016,TXN-1016,1425.07,2026-09-03,main_account
LEDG-1017,TXN-1017,3055.9,2026-09-03,main_account
LEDG-1018,TXN-1018,490.71,2026-09-03,main_account
LEDG-1019,TXN-1019,3483.04,2026-09-03,main_account
LEDG-1021,TXN-1021,3581.4,2026-09-03,main_account
LEDG-1022,TXN-1022,3336.12,2026-09-03,main_account
LEDG-1023,TXN-1023,4313.31,2026-09-03,main_account
LEDG-1024,TXN-1024,531.4,2026-09-03,main_account
LEDG-1025,TXN-1025,2767.93,2026-09-03,main_account
LEDG-1026,TXN-1026,2051.8,2026-09-03,main_account
LEDG-1027,TXN-1027,4226.36,2026-09-03,main_account
LEDG-1028,TXN-1028,1088.02,2026-09-03,main_account
LEDG-1029,TXN-1029,3940.23,2026-09-03,main_account
LEDG-1030,TXN-1030,2232.19,2026-09-03,main_account
LEDG-1031,TXN-1031,2806.74,2026-09-03,main_account
LEDG-1032,TXN-1032,2388.53,2026-09-03,main_account
LEDG-1033,TXN-1033,172.45,2026-09-03,main_account
LEDG-1034,TXN-1034,880.98,2026-09-03,main_account
LEDG-1035,TXN-1035,3585.19,2026-09-03,main_account
LEDG-1036,TXN-1036,4577.46,2026-09-03,main_account
LEDG-1037,TXN-1037,3618.5,2026-09-03,main_account
LEDG-1038,TXN-1038,399.15,2026-09-03,main_account
LEDG-1039,TXN-1039,4841.48,2026-09-03,main_account
LEDG-1040,TXN-1040,1245.68,2026-09-03,main_account
LEDG-1041,TXN-1041,1691.49,2026-09-03,main_account
LEDG-1042,TXN-1042,419.52,2026-09-03,main_account
LEDG-1043,TXN-1043,4085.4,2026-09-03,main_account
LEDG-1044,TXN-1044,1668.39,2026-09-03,main_account
LEDG-1045,TXN-1045,1694.62,2026-09-03,main_account
LEDG-1046,TXN-1046,4869.48,2026-09-03,main_account
LEDG-1047,TXN-1047,4089.3,2026-09-03,main_account
LEDG-1048,TXN-1048,3517.79,2026-09-03,main_account
LEDG-1049,TXN-1049,2606.4,2026-09-03,main_account
LEDG-1015-DUP,TXN-1015,3908.3,2026-09-03,main_account
